{"text": " What's the best thing you've ever stolen? I'm beginning to think I haven't stolen it yet. I knew the charm of it.", "segments": [{"id": 0, "seek": 0, "start": 0.0, "end": 2.0, "text": " What's the best thing you've ever stolen?", "tokens": [50364, 708, 311, 264, 1151, 551, 291, 600, 1562, 15900, 30, 50464], "temperature": 0.0, "avg_logprob": -0.22823246320088705, "compression_ratio": 1.1770833333333333, "no_speech_prob": 0.007710054982453585}, {"id": 1, "seek": 0, "start": 8.0, "end": 10.0, "text": " I'm beginning to think I haven't stolen it yet.", "tokens": [50764, 286, 478, 2863, 281, 519, 286, 2378, 380, 15900, 309, 1939, 13, 50864], "temperature": 0.0, "avg_logprob": -0.22823246320088705, "compression_ratio": 1.1770833333333333, "no_speech_prob": 0.007710054982453585}, {"id": 2, "seek": 0, "start": 14.0, "end": 16.0, "text": " I knew the charm of it.", "tokens": [51064, 286, 2586, 264, 18904, 295, 309, 13, 51164], "temperature": 0.0, "avg_logprob": -0.22823246320088705, "compression_ratio": 1.1770833333333333, "no_speech_prob": 0.007710054982453585}], "language": "en"}